Year,Country,"Proceeds Amount + Over Sold This Market (USD, mln)",IPO market share,IPOs Number of Issues,P/E Ratio,E/P ratio,Stock Market Index,  Interest rate Non Financial Corp New Other Loans up to €1M up to 1 Year Fixed,Interest rate Non Financial Corp New Other Loans over €1M up to 1 Year Fixed,Aver _nterest_rate_to_nonfinance,Real GDP Growth (%),Nominal GDP ($B),Population (M),Population_Growth(%),GDP_Per_Capita ($),Real Private Consumption Growth (%),Real Government Consumption Growth (%),Real Gross Fixed Investment Growth (%),"Real Gross Fixed Investment, LCU (BGNB)",Industrial Production Growth (%),,,,,,,,,,,,,,
2009,Hungary,0.00,0.00,1,15.2913,0.065,"21,227.01",NA,NA,#DIV/0!,(3.49),52.02,7.47,(0.67),"6,961.09",(4.69),0.00,(15.95),22.30,(20.18),,,,,,,,,,,,,,
2010,Hungary,179.37,64.03,4,12.1724,0.082,"21,327.07",9.40,7.82,8.61,1.39,50.68,7.43,(0.65),"6,825.90",1.54,6.13,(19.09),18.04,14.13,,,,,,,,,,,,,,
2011,Hungary,0.00,0.00,1,10.8504,0.092,"16,974.24",9.30,7.69,8.495,2.36,57.68,7.38,(0.62),"7,817.14",2.14,0.66,(3.66),17.38,17.22,,,,,,,,,,,,,,
2012,Hungary,2.93,1.05,1,12.6385,0.079,"18,173.20",10.46,8.84,9.65,0.49,54.30,7.33,(0.61),"7,403.74",2.92,(0.27),2.00,17.73,2.32,,,,,,,,,,,,,,
2013,Hungary,1.97,0.70,1,10.6615,0.094,"18,564.08",8.79,7.39,8.09,(0.59),55.81,7.29,(0.60),"7,655.79",(3.24),2.76,(0.42),17.65,(0.98),,,,,,,,,,,,,,
2014,Hungary,0.00,0.00,0,8.7063,0.115,"16,634.00",5.78,4.67,5.225,1.14,57.08,7.25,(0.61),"7,878.20",1.25,(0.76),3.66,18.30,0.02,,,,,,,,,,,,,,
2015,Hungary,0.00,0.00,0,15.3448,0.065,"23,920.65",5.47,2.43,3.95,3.33,50.78,7.20,(0.63),"7,053.31",2.17,1.95,2.11,18.68,1.68,,,,,,,,,,,,,,
2016,Hungary,6.15,2.19,2,12.4216,0.081,"32,003.05",4.88,1.75,3.315,3.07,53.95,7.15,(0.66),"7,543.76",2.25,2.39,(5.68),17.62,2.11,,,,,,,,,,,,,,
2017,Hungary,85.66,30.58,1,11.4698,0.087,"39,377.31",3.71,0.56,2.135,2.79,59.20,7.10,(0.69),"8,335.28",2.73,5.61,2.59,18.08,3.45,,,,,,,,,,,,,,
2018,Hungary,0.08,0.03,2,10.2004,0.098,"39,138.95",3.22,0.36,1.79,2.81,66.33,7.05,(0.72),"9,406.71",4.07,4.37,5.32,19.04,0.34,,,,,,,,,,,,,,
2019,Hungary,0.00,0.00,0,9.4576,0.106,"46,082.82",2.97,0.83,1.9,3.93,68.88,7.00,(0.73),"9,840.34",5.27,1.52,3.79,19.76,0.54,,,,,,,,,,,,,,
2020,Hungary,0.94,0.33,1,13.8403,0.072,"42,107.57",2.98,1.48,2.23,(4.03),70.20,6.95,(0.74),"10,103.53",0.80,5.94,0.10,19.78,(5.87),,,,,,,,,,,,,,
2021,Hungary,3.05,1.09,1,8.1077,0.123,"50,720.71",6.40,5.72,6.06,7.15,84.04,6.90,(0.75),"12,185.29",7.67,(2.93),(7.27),18.34,9.80,,,,,,,,,,,,,,
2022,Hungary,0.00,0.00,0,4.3143,0.232,"43,793.76",NA,NA,#DIV/0!,4.23,90.21,6.84,(0.75),"13,180.18",3.87,6.58,5.13,19.28,12.70,,,,,,,,,,,,,,
2023,Hungary,0.00,0.00,0,6.8798,0.145,"60,620.01",NA,NA,#DIV/0!,1.94,98.54,6.79,(0.76),"14,507.06",5.23,(3.32),2.65,19.80,(7.76),,,,,,,,,,,,,,
2024,Hungary,0.00,0.00,0,NA,#VALUE!,NA,NA,NA,#DIV/0!,1.94,98.98,6.74,(0.78),"14,685.83",2.27,0.84,8.72,21.52,2.45,,,,,,,,,,,,,,
2009,Bulgaria,12.25,1.50,2,15.48,0.065,427.27,12.06,9.82,10.94,(3.49),52.02,7.47,(0.67),"6,961.09",(4.69),0.00,(15.95),22.30,(20.18),,,,,,,,,,,,,,
2010,Bulgaria,6.18,0.76,2,7.29,0.137,362.35,11.46,7.29,9.375,1.39,50.68,7.43,(0.65),"6,825.90",1.54,6.13,(19.09),18.04,14.13,,,,,,,,,,,,,,
2011,Bulgaria,0.00,0.00,0,0.45,2.227,322.11,8.48,7.10,7.79,2.36,57.68,7.38,(0.62),"7,817.14",2.14,0.66,(3.66),17.38,17.22,,,,,,,,,,,,,,
2012,Bulgaria,0.00,0.00,0,4.71,0.212,345.46,9.52,9.57,9.545,0.49,54.30,7.33,(0.61),"7,403.74",2.92,(0.27),2.00,17.73,2.32,,,,,,,,,,,,,,
2013,Bulgaria,0.00,0.00,1,9.28,0.108,491.52,8.00,8.65,8.325,(0.59),55.81,7.29,(0.60),"7,655.79",(3.24),2.76,(0.42),17.65,(0.98),,,,,,,,,,,,,,
2014,Bulgaria,0.00,0.00,1,8.99,0.111,522.10,7.23,8.70,7.965,1.14,57.08,7.25,(0.61),"7,878.20",1.25,(0.76),3.66,18.30,0.02,,,,,,,,,,,,,,
2015,Bulgaria,6.81,0.83,4,13.66,0.073,460.90,6.33,7.10,6.715,3.33,50.78,7.20,(0.63),"7,053.31",2.17,1.95,2.11,18.68,1.68,,,,,,,,,,,,,,
2016,Bulgaria,6.78,0.83,3,10.95,0.091,586.43,4.73,5.65,5.19,3.07,53.95,7.15,(0.66),"7,543.76",2.25,2.39,(5.68),17.62,2.11,,,,,,,,,,,,,,
2017,Bulgaria,0.12,0.01,2,14.50,0.069,677.45,4.35,3.64,3.995,2.79,59.20,7.10,(0.69),"8,335.28",2.73,5.61,2.59,18.08,3.45,,,,,,,,,,,,,,
2018,Bulgaria,48.74,5.98,3,14.12,0.071,594.46,3.77,3.12,3.445,2.81,66.33,7.05,(0.72),"9,406.71",4.07,4.37,5.32,19.04,0.34,,,,,,,,,,,,,,
2019,Bulgaria,3.45,0.42,2,10.50,0.095,568.14,3.94,2.73,3.335,3.93,68.88,7.00,(0.73),"9,840.34",5.27,1.52,3.79,19.76,0.54,,,,,,,,,,,,,,
2020,Bulgaria,8.95,1.10,3,8.40,0.119,447.53,3.25,2.47,2.86,(4.03),70.20,6.95,(0.74),"10,103.53",0.80,5.94,0.10,19.78,(5.87),,,,,,,,,,,,,,
2021,Bulgaria,722.51,88.57,1,14.66,0.068,635.68,2.92,2.22,2.57,7.15,84.04,6.90,(0.75),"12,185.29",7.67,(2.93),(7.27),18.34,9.80,,,,,,,,,,,,,,
2022,Bulgaria,0.00,0.00,0,4.99,0.200,601.49,NA,NA,#DIV/0!,4.23,90.21,6.84,(0.75),"13,180.18",3.87,6.58,5.13,19.28,12.70,,,,,,,,,,,,,,
2023,Bulgaria,0.00,0.00,0,5.39,0.185,765.12,NA,NA,#DIV/0!,1.94,98.54,6.79,(0.76),"14,507.06",5.23,(3.32),2.65,19.80,(7.76),,,,,,,,,,,,,,
2024,Bulgaria,0.00,0.00,0,NA,#VALUE!,NA,NA,NA,#DIV/0!,1.94,98.98,6.74,(0.78),"14,685.83",2.27,0.84,8.72,21.52,2.45,,,,,,,,,,,,,,
2009,Czechia,0.00,0.00,1,14.7552,0.068,"1,118.20",4.98,3.61,4.295,(4.53),207.51,10.49,0.60,"19,785.37",(0.39),2.90,(8.85),"1,130.14",(12.93),,,,,,,,,,,,,,
2010,Czechia,133.71,11.45,3,13.819,0.072,"1,224.80",4.23,2.83,3.53,2.30,208.87,10.54,0.46,"19,823.19",1.27,0.77,0.15,"1,131.82",8.44,,,,,,,,,,,,,,
2011,Czechia,58.50,5.01,5,14.5912,0.069,911.10,3.70,2.67,3.185,1.76,229.35,10.57,0.28,"21,705.04",0.40,(3.51),1.07,"1,143.97",5.77,,,,,,,,,,,,,,
2012,Czechia,0.06,0.01,3,11.6104,0.086,"1,038.70",3.35,2.40,2.875,(0.72),208.80,10.58,0.14,"19,733.02",(1.04),(1.93),(3.24),"1,106.88",(0.90),,,,,,,,,,,,,,
2013,Czechia,0.18,0.02,2,14.544,0.069,989.04,2.90,1.83,2.365,(0.04),211.64,10.59,0.05,"19,991.16",0.91,2.42,(2.17),"1,082.89",0.01,,,,,,,,,,,,,,
2014,Czechia,18.30,1.57,2,19.4776,0.051,946.71,2.90,1.94,2.42,2.26,209.31,10.59,0.04,"19,762.33",1.41,1.00,3.27,"1,118.27",5.11,,,,,,,,,,,,,,
2015,Czechia,30.21,2.59,2,12.3961,0.081,956.33,2.69,2.16,2.425,5.46,188.11,10.60,0.10,"17,744.25",3.91,1.77,9.83,"1,228.17",4.54,,,,,,,,,,,,,,
2016,Czechia,843.14,72.19,3,11.9281,0.084,921.61,2.40,1.61,2.005,2.45,196.19,10.62,0.16,"18,475.88",3.74,2.54,(3.13),"1,189.69",2.52,,,,,,,,,,,,,,
2017,Czechia,0.13,0.01,1,13.94,0.072,"1,078.16",2.15,1.64,1.895,5.35,218.89,10.64,0.21,"20,570.45",4.15,1.80,5.13,"1,250.68",6.55,,,,,,,,,,,,,,
2018,Czechia,8.86,0.76,1,11.2674,0.089,986.56,2.56,2.06,2.31,3.21,249.26,10.67,0.23,"23,370.42",3.49,3.93,9.98,"1,375.52",3.04,,,,,,,,,,,,,,
2019,Czechia,37.81,3.24,1,11.9562,0.084,"1,115.63",3.84,2.91,3.375,2.97,252.66,10.69,0.22,"23,636.46",2.64,2.52,5.85,"1,455.96",(0.51),,,,,,,,,,,,,,
2020,Czechia,0.16,0.01,4,12.0783,0.083,"1,027.14",2.68,1.15,1.915,(5.52),246.05,10.71,0.18,"22,975.63",(7.24),4.16,(6.02),"1,368.34",(6.78),,,,,,,,,,,,,,
2021,Czechia,29.56,2.53,3,15.8076,0.063,"1,426.03",5.97,5.62,5.795,3.50,281.71,10.72,0.15,"26,267.88",4.06,1.36,0.75,"1,378.59",6.07,,,,,,,,,,,,,,
2022,Czechia,7.39,0.63,2,7.4307,0.135,"1,201.73",NA,NA,#DIV/0!,2.35,290.50,10.74,0.11,"27,056.22",(0.63),0.32,3.07,"1,420.87",2.26,,,,,,,,,,,,,,
2023,Czechia,0.00,0.00,0,7.5415,0.133,"1,414.02",NA,NA,#DIV/0!,(0.18),331.22,10.75,0.08,"30,823.34",(3.04),3.54,4.22,"1,480.81",(0.87),,,,,,,,,,,,,,
2024,Czechia,0.00,0.00,0,NA,#VALUE!,NA,NA,NA,#DIV/0!,1.53,332.93,10.75,0.06,"30,962.99",1.90,0.77,3.51,"1,532.74",2.54,,,,,,,,,,,,,,
2009,Lithuania,0.00,0.00,0,8.3678,0.120,261.77,9.94,9.30,9.62,(14.69),37.40,3.18,(1.36),"11,757.91",(17.22),(1.17),(38.82),5.09,(14.17),,,,,,,,,,,,,,
2010,Lithuania,39.74,3.27,4,36.5957,0.027,409.65,7.65,4.79,6.22,1.58,37.13,3.14,(1.30),"11,828.81",(3.07),(3.20),1.33,5.16,6.09,,,,,,,,,,,,,,
2011,Lithuania,26.85,2.21,1,10.0836,0.099,299.17,4.90,4.62,4.76,6.12,43.59,3.10,(1.25),"14,063.76",4.31,(0.32),20.33,6.21,6.79,,,,,,,,,,,,,,
2012,Lithuania,31.41,2.58,1,14.3395,0.070,355.08,5.52,4.27,4.895,3.80,42.88,3.06,(1.18),"13,997.70",2.84,1.23,(1.80),6.10,3.92,,,,,,,,,,,,,,
2013,Lithuania,35.23,2.90,1,12.0899,0.083,422.86,4.36,3.49,3.925,3.65,46.56,3.03,(1.15),"15,374.41",4.55,0.71,8.48,6.61,3.15,,,,,,,,,,,,,,
2014,Lithuania,0.00,0.00,0,14.4515,0.069,452.67,4.33,4.57,4.45,3.47,48.58,2.99,(1.10),"16,221.73",3.51,0.35,5.57,6.98,0.05,,,,,,,,,,,,,,
2015,Lithuania,0.08,0.01,1,16.2494,0.062,485.44,NA,NA,#DIV/0!,2.01,41.41,2.96,(1.04),"13,972.28",4.17,0.15,4.98,7.33,4.21,,,,,,,,,,,,,,
2016,Lithuania,27.26,2.24,1,10.3887,0.096,559.10,NA,NA,#DIV/0!,2.58,43.04,2.93,(1.02),"14,671.30",4.26,0.00,3.40,7.58,2.67,,,,,,,,,,,,,,
2017,Lithuania,3.27,0.27,2,11.6359,0.086,653.29,NA,NA,#DIV/0!,4.25,47.61,2.90,(1.00),"16,392.32",3.35,(0.16),8.63,8.23,6.82,,,,,,,,,,,,,,
2018,Lithuania,27.26,2.24,1,11.8861,0.084,616.90,2.84,2.53,2.685,3.99,53.73,2.88,(0.98),"18,680.56",3.64,0.21,10.34,9.09,6.01,,,,,,,,,,,,,,
2019,Lithuania,0.68,0.06,1,16.173,0.062,712.14,3.22,3.36,3.29,4.62,54.84,2.85,(0.94),"19,248.36",2.74,(0.28),7.09,9.73,2.95,,,,,,,,,,,,,,
2020,Lithuania,527.09,43.33,1,14.2436,0.070,816.64,3.17,2.53,2.85,0.09,56.83,2.82,(1.01),"20,151.01",(3.15),(1.59),(0.59),9.67,(1.88),,,,,,,,,,,,,,
2021,Lithuania,524.72,43.14,1,20.4267,0.049,966.13,2.68,3.17,2.925,6.18,66.79,2.79,(1.19),"23,968.57",7.91,1.40,9.44,10.59,20.20,,,,,,,,,,,,,,
2022,Lithuania,0.00,0.00,1,13.2506,0.075,947.14,NA,NA,#DIV/0!,2.47,70.92,2.75,(1.31),"25,786.89",2.03,0.38,3.62,10.97,9.38,,,,,,,,,,,,,,
2023,Lithuania,0.00,0.00,0,9.6869,0.103,946.76,NA,NA,#DIV/0!,(0.27),78.34,2.72,(1.15),"28,819.98",(1.67),0.33,9.21,11.98,(4.20),,,,,,,,,,,,,,
2024,Lithuania,0.00,0.00,0,10.54788577,0.095,NA,NA,NA,#DIV/0!,1.59,81.88,2.69,(0.94),"30,406.53",1.35,1.04,4.01,12.46,2.88,,,,,,,,,,,,,,
2009,Latvia,0.00,0.00,0,25.1161,0.040,278.94,14.44,5.39,9.915,(14.27),26.46,2.13,(1.12),"12,446.55",(15.75),(9.99),(33.79),5.07,(18.08),,,,,,,,,,,,,,
2010,Latvia,0.00,0.00,0,25.1161,0.040,393.53,15.35,4.39,9.87,(4.88),23.92,2.10,(1.16),"11,380.48",2.02,(8.86),(21.53),3.98,14.04,,,,,,,,,,,,,,
2011,Latvia,0.00,0.00,0,66.8833,0.015,371.71,7.42,3.38,5.4,2.38,27.61,2.08,(1.17),"13,295.59",0.13,1.91,26.99,5.06,9.00,,,,,,,,,,,,,,
2012,Latvia,0.00,0.00,1,8.4488,0.118,394.60,5.59,3.60,4.595,7.30,28.12,2.05,(1.12),"13,691.55",5.67,(0.17),18.50,5.99,6.22,,,,,,,,,,,,,,
2013,Latvia,0.07,0.02,1,18.5854,0.054,460.79,4.74,4.14,4.44,2.07,30.18,2.03,(1.08),"14,855.35",6.39,2.49,(5.59),5.66,(0.33),,,,,,,,,,,,,,
2014,Latvia,0.25,0.06,3,5.3568,0.187,408.66,4.24,3.14,3.69,2.02,31.38,2.01,(1.01),"15,602.88",0.80,3.40,(4.37),5.41,(0.82),,,,,,,,,,,,,,
2015,Latvia,378.45,91.35,1,12.145,0.082,591.88,4.26,3.76,4.01,3.75,27.25,1.99,(0.95),"13,681.88",2.22,1.65,(1.33),5.34,3.25,,,,,,,,,,,,,,
2016,Latvia,0.00,0.00,0,11.0278,0.091,734.24,4.04,2.85,3.445,2.18,28.01,1.97,(0.93),"14,194.32",3.44,1.81,(7.44),4.94,4.60,,,,,,,,,,,,,,
2017,Latvia,3.96,0.96,1,16.5515,0.060,996.13,3.90,2.58,3.24,3.30,30.34,1.95,(0.94),"15,521.67",2.88,3.48,10.59,5.46,8.70,,,,,,,,,,,,,,
2018,Latvia,0.00,0.00,1,14.0732,0.071,929.02,3.44,2.79,3.115,4.17,34.39,1.94,(0.98),"17,764.60",3.03,2.23,12.38,6.14,2.15,,,,,,,,,,,,,,
2019,Latvia,18.39,4.44,3,14.0732,0.071,"1,036.15",3.39,2.37,2.88,0.58,34.22,1.92,(0.99),"17,853.11",0.01,4.97,1.99,6.26,0.67,,,,,,,,,,,,,,
2020,Latvia,7.52,1.81,1,21.5327,0.046,"1,136.34",3.71,2.90,3.305,(3.50),34.32,1.90,(1.02),"18,089.81",(4.41),2.33,(2.15),6.13,(1.72),,,,,,,,,,,,,,
2021,Latvia,5.64,1.36,1,21.5327,0.046,"1,274.20",3.24,2.91,3.075,6.39,39.30,1.87,(1.22),"20,970.82",7.19,3.31,7.17,6.57,6.48,,,,,,,,,,,,,,
2022,Latvia,0.00,0.00,0,3.3425,0.299,"1,152.80",NA,NA,#DIV/0!,3.45,40.72,1.85,(1.24),"22,003.32",6.17,3.06,1.15,6.64,0.81,,,,,,,,,,,,,,
2023,Latvia,0.00,0.00,0,3.3425,0.299,"1,336.34",NA,NA,#DIV/0!,(0.36),43.52,1.83,(1.10),"23,780.75",(1.87),5.87,5.26,6.99,(4.54),,,,,,,,,,,,,,
2024,Latvia,0.00,0.00,0,NA,#VALUE!,NA,NA,NA,#DIV/0!,1.82,43.87,1.81,(1.09),"24,236.25",2.22,3.46,3.88,7.26,2.40,,,,,,,,,,,,,,
2009,Estonia,0.00,0.00,0,5.6671,0.176,404.58,6.64,5.19,5.915,(14.27),19.66,1.34,(0.29),"14,713.54",(13.81),(2.50),(37.13),3.59,(23.73),,,,,,,,,,,,,,
2010,Estonia,16.63,2.74,1,22.5014,0.044,698.38,5.85,4.19,5.02,2.07,19.52,1.33,(0.30),"14,655.81",(2.02),(0.59),(3.47),3.46,22.70,,,,,,,,,,,,,,
2011,Estonia,0.00,0.00,0,15.634,0.064,533.86,4.85,3.95,4.4,7.08,23.18,1.33,(0.33),"17,457.26",3.26,2.00,35.19,4.68,19.79,,,,,,,,,,,,,,
2012,Estonia,0.00,0.00,0,12.3392,0.081,734.11,4.56,3.22,3.89,3.30,23.01,1.32,(0.34),"17,393.68",4.48,2.88,12.10,5.25,1.22,,,,,,,,,,,,,,
2013,Estonia,0.00,0.00,0,13.4203,0.075,818.76,3.22,2.95,3.085,1.37,25.11,1.32,(0.31),"19,033.40",3.80,2.75,1.34,5.32,4.41,,,,,,,,,,,,,,
2014,Estonia,0.00,0.00,0,14.3803,0.070,753.81,3.46,2.21,2.835,2.79,26.58,1.32,(0.21),"20,195.42",3.75,1.44,(2.12),5.21,4.32,,,,,,,,,,,,,,
2015,Estonia,40.56,6.67,1,10.647,0.094,899.68,3.40,2.53,2.965,2.29,22.87,1.32,(0.07),"17,386.59",4.89,3.11,(3.41),5.03,0.11,,,,,,,,,,,,,,
2016,Estonia,51.91,8.54,1,15.4768,0.065,"1,075.64",3.41,1.77,2.59,3.08,24.05,1.32,0.09,"18,265.07",4.07,2.47,5.60,5.31,2.61,,,,,,,,,,,,,,
2017,Estonia,5.51,0.91,1,15.3204,0.065,"1,242.12",3.16,2.27,2.715,5.46,26.83,1.32,0.22,"20,333.06",2.52,1.75,14.51,6.08,4.22,,,,,,,,,,,,,,
2018,Estonia,173.97,28.62,2,17.148,0.058,"1,162.86",3.23,2.66,2.945,3.85,30.57,1.32,0.27,"23,104.28",4.92,1.15,9.68,6.67,4.86,,,,,,,,,,,,,,
2019,Estonia,45.16,7.43,1,18.0642,0.055,"1,279.70",3.49,2.14,2.815,3.94,31.26,1.33,0.21,"23,577.57",4.46,3.28,6.49,7.10,7.13,,,,,,,,,,,,,,
2020,Estonia,0.60,0.10,1,104.3369,0.010,"1,343.63",4.01,2.60,3.305,(0.69),31.25,1.33,0.07,"23,555.13",(1.25),3.04,7.81,7.66,(2.77),,,,,,,,,,,,,,
2021,Estonia,223.28,36.73,8,47.1827,0.021,"2,001.03",3.28,2.72,3,7.38,36.82,1.33,(0.10),"27,783.62",9.30,3.78,11.44,8.53,12.74,,,,,,,,,,,,,,
2022,Estonia,6.76,1.11,4,22.7108,0.044,"1,766.73",NA,NA,#DIV/0!,(0.46),37.84,1.32,(0.25),"28,628.37",2.14,0.14,(4.89),8.11,(2.33),,,,,,,,,,,,,,
2023,Estonia,43.45,7.15,3,13.6892,0.073,"1,768.56",NA,NA,#DIV/0!,(3.45),40.40,1.32,(0.36),"30,667.23",(1.95),0.50,(3.33),7.84,(11.16),,,,,,,,,,,,,,
2024,Estonia,0.00,0.00,0,NA,#VALUE!,NA,NA,NA,#DIV/0!,0.32,41.80,1.31,(0.40),"31,864.24",0.86,1.09,9.59,8.60,(3.75),,,,,,,,,,,,,,
2009,Poland,"2,376.37",13.85,19,66.7092,0.015,"2,388.72",7.92,7.73,7.825,2.61,438.74,38.35,(0.01),"11,439.88",3.41,3.13,(3.11),288.94,(4.03),,,,,,,,,,,,,,
2010,Poland,"5,154.88",30.04,132,16.3496,0.061,"2,744.17",6.63,6.59,6.61,3.07,474.86,38.33,(0.06),"12,388.81",2.91,2.80,(5.47),273.13,11.10,,,,,,,,,,,,,,
2011,Poland,"3,069.07",17.89,76,9.2848,0.108,"2,144.48",6.33,6.89,6.61,5.08,523.31,38.29,(0.11),"13,668.08",2.38,(1.34),10.77,302.54,7.25,,,,,,,,,,,,,,
2012,Poland,"1,105.09",6.44,19,11.2659,0.089,"2,582.98",6.71,6.89,6.8,1.66,494.79,38.23,(0.16),"12,943.40",0.86,(0.44),0.35,303.58,1.27,,,,,,,,,,,,,,
2013,Poland,"1,523.01",8.88,20,15.3659,0.065,"2,400.98",5.86,6.34,6.1,0.85,515.58,38.16,(0.18),"13,511.72",(0.01),1.98,0.34,304.62,2.60,,,,,,,,,,,,,,
2014,Poland,722.16,4.21,15,16.4684,0.061,"2,315.94",4.30,4.11,4.205,3.76,538.80,38.09,(0.18),"14,145.08",3.23,3.42,12.17,341.71,3.23,,,,,,,,,,,,,,
2015,Poland,276.45,1.61,19,13.0696,0.077,"1,859.15",3.82,3.58,3.7,4.29,476.14,38.03,(0.15),"12,518.74",3.72,2.69,7.21,366.34,4.46,,,,,,,,,,,,,,
2016,Poland,367.17,2.14,20,16.5067,0.061,"1,947.92",3.16,3.40,3.28,3.11,470.18,37.99,(0.12),"12,376.54",3.67,2.38,(7.63),338.37,3.17,,,,,,,,,,,,,,
2017,Poland,678.23,3.95,13,13.3596,0.075,"2,461.21",3.40,3.93,3.665,5.21,524.46,37.95,(0.09),"13,818.58",6.09,2.49,1.88,344.74,6.82,,,,,,,,,,,,,,
2018,Poland,195.25,1.14,12,11.1156,0.090,"2,276.63",3.31,3.84,3.575,5.87,588.24,37.92,(0.08),"15,511.94",4.62,3.86,12.83,388.97,5.77,,,,,,,,,,,,,,
2019,Poland,9.02,0.05,2,12.8055,0.078,"2,150.09",3.17,4.22,3.695,4.39,595.23,37.89,(0.09),"15,710.24",3.44,6.16,6.60,414.66,4.25,,,,,,,,,,,,,,
2020,Poland,611.07,3.56,14,17.5973,0.057,"1,983.98",1.78,2.37,2.075,(2.03),598.88,37.85,(0.11),"15,823.84",(3.40),4.56,(0.99),410.54,(1.95),,,,,,,,,,,,,,
2021,Poland,925.48,5.39,23,11.1704,0.090,"2,266.92",4.12,4.31,4.215,6.86,681.43,37.80,(0.13),"18,028.78",6.21,4.97,0.33,411.88,14.88,,,,,,,,,,,,,,
2022,Poland,40.75,0.24,7,6.6795,0.150,"1,792.01",NA,NA,#DIV/0!,5.50,687.79,37.74,(0.15),"18,224.42",5.14,0.99,5.51,434.57,10.49,,,,,,,,,,,,,,
2023,Poland,100.60,0.59,4,8.2486,0.121,"2,342.99",NA,NA,#DIV/0!,0.00,809.10,37.67,(0.17),"21,476.43",(1.10),2.97,7.79,468.43,(1.06),,,,,,,,,,,,,,
2024,Poland,4.43,0.03,2,NA,#VALUE!,NA,NA,NA,#DIV/0!,2.98,925.90,37.60,(0.20),"24,625.69",3.68,3.50,3.70,485.75,2.75,,,,,,,,,,,,,,
2009,Romania,0.00,0.00,0,NA,#VALUE!,"4,690.57",20.48,22.46,21.47,(5.61),173.13,20.64,(0.92),"8,389.03",(6.25),(3.94),(32.30),154.67,(4.74),,,,,,,,,,,,,,
2010,Romania,0.00,0.00,1,12.1859,0.082,"5,268.61",15.41,12.53,13.97,(3.56),169.18,20.47,(0.80),"8,263.93",(4.86),(1.48),(4.41),147.85,5.09,,,,,,,,,,,,,,
2011,Romania,86.44,1.92,1,7.2501,0.138,"4,336.95",9.89,8.16,9.025,4.46,192.05,20.34,(0.66),"9,443.45",4.50,(1.65),7.73,159.29,8.02,,,,,,,,,,,,,,
2012,Romania,510.80,11.34,1,7.9245,0.126,"5,149.56",10.52,8.85,9.685,2.18,178.50,20.23,(0.54),"8,824.76",1.82,7.28,3.48,164.82,2.96,,,,,,,,,,,,,,
2013,Romania,649.43,14.41,4,9.3001,0.108,"6,493.79",10.59,9.20,9.895,(0.24),189.06,20.13,(0.47),"9,390.58",(4.99),(1.89),(5.34),156.03,7.72,,,,,,,,,,,,,,
2014,Romania,607.52,13.48,3,9.4062,0.106,"7,083.00",7.06,6.20,6.63,4.21,199.34,20.04,(0.48),"9,949.19",3.95,6.04,5.40,164.46,6.22,,,,,,,,,,,,,,
2015,Romania,0.00,0.00,0,9.9871,0.100,"7,004.32",5.47,4.92,5.195,3.26,177.50,19.93,(0.55),"8,908.18",5.78,(3.69),7.45,176.71,2.66,,,,,,,,,,,,,,
2016,Romania,52.97,1.18,4,16.8611,0.059,"7,085.05",4.75,3.58,4.165,2.81,184.82,19.80,(0.65),"9,335.98",5.87,(0.12),(1.32),174.37,3.11,,,,,,,,,,,,,,
2017,Romania,74.54,1.65,2,8.3065,0.120,"7,753.74",4.15,3.18,3.665,7.97,209.28,19.65,(0.72),"10,648.05",11.49,4.60,4.32,181.90,8.59,,,,,,,,,,,,,,
2018,Romania,0.00,0.00,0,6.8661,0.146,"7,383.68",4.98,4.60,4.79,6.05,242.19,19.51,(0.75),"12,416.31",9.46,3.65,0.48,182.77,5.25,,,,,,,,,,,,,,
2019,Romania,1.13,0.03,2,8.5628,0.117,"9,977.30",5.98,5.64,5.81,3.87,250.04,19.36,(0.73),"12,912.46",3.49,7.39,11.15,203.15,(2.60),,,,,,,,,,,,,,
2020,Romania,2.24,0.05,1,10.4093,0.096,"9,805.60",4.59,4.50,4.545,(3.51),250.86,19.24,(0.66),"13,040.03",(3.82),1.15,2.15,207.51,(9.18),,,,,,,,,,,,,,
2021,Romania,247.34,5.49,12,11.7785,0.085,"13,061.32",5.19,5.37,5.28,5.68,284.88,19.13,(0.57),"14,893.28",7.17,1.86,4.63,217.11,6.46,,,,,,,,,,,,,,
2022,Romania,1.25,0.03,2,4.183,0.239,"11,663.53",NA,NA,#DIV/0!,4.13,297.94,19.03,(0.50),"15,655.38",5.77,(3.35),3.59,224.91,0.93,,,,,,,,,,,,,,
2023,Romania,"2,126.22",47.19,2,NA,#VALUE!,"15,371.11",NA,NA,#DIV/0!,2.11,348.45,18.94,(0.46),"18,393.47",2.94,2.81,12.32,252.63,(2.47),,,,,,,,,,,,,,
2024,Romania,145.87,3.24,2,NA,#VALUE!,NA,NA,NA,#DIV/0!,2.81,329.41,18.86,(0.45),"17,466.61",3.92,3.35,6.76,269.70,1.01,,,,,,,,,,,,,,
2009,Slovakia,0.00,0.00,0,7.4135,0.135,266.97,4.77,3.02,3.895,(5.46),89.07,5.40,0.03,"16,491.19",(0.02),5.99,(19.73),13.45,(13.69),,,,,,,,,,,,,,
2010,Slovakia,0.00,0.00,1,7.0152,0.143,230.38,3.60,2.54,3.07,6.72,91.07,5.40,0.06,"16,851.14",0.79,2.12,8.56,14.60,12.10,,,,,,,,,,,,,,
2011,Slovakia,0.00,0.00,1,NA,#VALUE!,215.45,3.90,2.85,3.375,2.67,99.81,5.41,0.09,"18,453.42",(1.87),(2.35),14.10,16.65,6.42,,,,,,,,,,,,,,
2012,Slovakia,0.00,0.00,0,NA,#VALUE!,192.21,4.18,2.29,3.235,1.32,94.63,5.41,0.11,"17,476.12",0.24,(2.01),(9.97),14.99,3.32,,,,,,,,,,,,,,
2013,Slovakia,0.00,0.00,0,17.0555,0.059,197.76,3.56,2.26,2.91,0.63,98.91,5.42,0.13,"18,242.66",(1.02),1.48,1.21,15.17,1.56,,,,,,,,,,,,,,
2014,Slovakia,0.00,0.00,0,18.4996,0.054,222.32,3.70,2.74,3.22,2.70,101.30,5.43,0.13,"18,660.14",1.98,3.78,2.99,15.63,3.24,,,,,,,,,,,,,,
2015,Slovakia,0.00,0.00,0,27.4667,0.036,292.35,3.45,2.74,3.095,5.17,88.87,5.44,0.13,"16,348.68",2.67,5.30,21.39,18.97,8.22,,,,,,,,,,,,,,
2016,Slovakia,61.54,66.36,2,12.7021,0.079,318.57,3.27,1.86,2.565,1.94,89.89,5.44,0.12,"16,518.12",3.74,1.93,(9.21),17.22,3.48,,,,,,,,,,,,,,
2017,Slovakia,0.25,0.27,1,16.3649,0.061,325.62,2.93,1.95,2.44,2.94,95.43,5.45,0.11,"17,515.94",4.94,1.06,2.91,17.72,4.54,,,,,,,,,,,,,,
2018,Slovakia,0.08,0.09,1,34.0867,0.029,332.37,2.64,1.58,2.11,4.03,106.09,5.45,0.09,"19,455.21",3.93,0.49,2.79,18.22,5.66,,,,,,,,,,,,,,
2019,Slovakia,0.12,0.13,1,25.6266,0.039,351.14,2.57,1.45,2.01,2.51,105.71,5.46,0.07,"19,371.22",2.70,4.53,6.72,19.44,0.79,,,,,,,,,,,,,,
2020,Slovakia,0.00,0.00,0,NA,#VALUE!,345.13,2.31,1.81,2.06,(3.34),106.49,5.46,0.05,"19,505.19",(1.33),(0.62),(10.88),17.33,(8.58),,,,,,,,,,,,,,
2021,Slovakia,0.00,0.00,0,12.1038,0.083,397.34,2.54,2.16,2.35,4.79,118.59,5.46,0.02,"21,717.40",2.77,4.16,3.47,17.93,10.16,,,,,,,,,,,,,,
2022,Slovakia,30.75,33.16,1,23.8206,0.042,334.74,NA,NA,#DIV/0!,1.75,115.31,5.46,(0.01),"21,117.50",5.56,(4.23),4.46,18.73,(3.87),,,,,,,,,,,,,,
2023,Slovakia,0.00,0.00,0,19.0343,0.053,313.30,NA,NA,#DIV/0!,1.09,131.51,5.46,(0.04),"24,093.71",(1.67),(1.29),5.23,19.71,(0.35),,,,,,,,,,,,,,
2024,Slovakia,0.00,0.00,0,NA,#VALUE!,NA,NA,NA,#DIV/0!,2.06,141.37,5.45,(0.07),"25,918.15",1.33,0.90,3.23,20.35,1.66,,,,,,,,,,,,,,
2009,Slovenia,0.00,0.00,0,10.5207,0.095,NA,5.89,5.44,5.665,(7.88),50.11,2.05,0.57,"24,498.13",1.61,2.06,(22.00),8.87,(17.50),,,,,,,,,,,,,,
2010,Slovenia,0.00,0.00,0,16.6942,0.060,NA,5.77,4.98,5.375,1.28,47.88,2.06,0.57,"23,275.32",1.04,0.06,(13.60),7.67,6.70,,,,,,,,,,,,,,
2011,Slovenia,0.00,0.00,0,11.5379,0.087,NA,5.51,4.67,5.09,1.24,51.55,2.07,0.40,"24,959.18",0.96,(0.14),(5.20),7.27,1.99,,,,,,,,,,,,,,
2012,Slovenia,0.00,0.00,0,10.0606,0.099,NA,5.84,4.53,5.185,(2.58),46.56,2.07,0.19,"22,497.62",(1.77),(2.28),(8.16),6.67,(0.04),,,,,,,,,,,,,,
2013,Slovenia,0.00,0.00,0,10.9658,0.091,NA,5.66,4.77,5.215,(0.84),48.55,2.07,0.15,"23,429.46",(3.91),(1.95),3.37,6.90,(1.26),,,,,,,,,,,,,,
2014,Slovenia,0.00,0.00,0,12.3438,0.081,NA,5.37,3.92,4.645,2.56,49.98,2.07,0.12,"24,087.87",1.38,(0.23),(0.13),6.89,1.62,,,,,,,,,,,,,,
2015,Slovenia,0.08,0.01,1,9.6992,0.103,690.20,4.25,3.17,3.71,1.91,42.99,2.08,0.29,"20,658.75",1.93,2.36,(1.32),6.80,4.84,,,,,,,,,,,,,,
2016,Slovenia,0.00,0.00,0,8.2869,0.121,708.87,3.31,2.66,2.985,3.22,44.57,2.09,0.44,"21,327.27",4.29,2.36,(3.75),6.54,7.80,,,,,,,,,,,,,,
2017,Slovenia,0.00,0.00,0,8.0007,0.125,787.15,2.82,2.27,2.545,5.28,48.64,2.10,0.40,"23,180.28",2.15,0.40,10.27,7.22,8.08,,,,,,,,,,,,,,
2018,Slovenia,758.81,99.99,1,9.4457,0.106,842.60,2.30,1.90,2.1,4.55,54.40,2.11,0.36,"25,829.94",3.48,2.82,10.37,7.96,5.36,,,,,,,,,,,,,,
2019,Slovenia,0.00,0.00,0,8.6972,0.115,868.36,2.28,1.55,1.915,3.42,54.57,2.11,0.33,"25,828.59",5.02,1.84,5.23,8.38,2.70,,,,,,,,,,,,,,
2020,Slovenia,0.00,0.00,0,7.3825,0.135,855.95,2.28,1.26,1.77,(5.02),53.23,2.12,0.22,"25,136.44",(6.33),4.11,(7.22),7.78,(6.29),,,,,,,,,,,,,,
2021,Slovenia,0.00,0.00,0,8.2896,0.121,"1,105.86",2.08,1.68,1.88,8.44,61.60,2.12,0.08,"29,062.77",9.98,6.09,12.45,8.74,9.82,,,,,,,,,,,,,,
2022,Slovenia,0.00,0.00,0,7.516556237,0.133,"1,134.15",NA,NA,#DIV/0!,2.87,59.96,2.12,0.02,"28,284.67",3.83,(0.45),3.71,9.07,2.04,,,,,,,,,,,,,,
2023,Slovenia,0.00,0.00,0,7.4194283,0.135,"1,196.08",NA,NA,#DIV/0!,1.59,67.48,2.12,(0.01),"31,834.83",0.61,1.97,8.60,9.85,(4.74),,,,,,,,,,,,,,
2024,Slovenia,0.00,0.00,0,NA,#VALUE!,NA,NA,NA,NA,2.07,72.49,2.12,(0.03),"34,211.97",2.04,1.73,3.65,10.21,5.55,,,,,,,,,,,,,,
2009,Albania,0.00,0.00,0,NA,#VALUE!,NA,NA,NA,NA,3.35,12.04,2.94,(0.74),"4,101.76",0.70,3.74,0.98,404.68,7.18,,,,,,,,,,,,,,
2010,Albania,0.00,0.00,0,NA,#VALUE!,NA,NA,NA,NA,3.71,11.93,2.92,(0.60),"4,086.43",1.66,3.97,(8.47),370.41,37.50,,,,,,,,,,,,,,
2011,Albania,0.00,0.00,0,NA,#VALUE!,NA,NA,NA,NA,2.55,12.89,2.91,(0.39),"4,433.86",1.78,0.65,5.94,392.42,27.09,,,,,,,,,,,,,,
2012,Albania,0.00,0.00,0,NA,#VALUE!,NA,NA,NA,NA,1.42,12.32,2.90,(0.15),"4,243.80",0.13,0.10,(7.86),361.59,12.93,,,,,,,,,,,,,,
2013,Albania,0.00,0.00,0,NA,#VALUE!,NA,NA,NA,NA,1.00,12.78,2.90,(0.18),"4,409.00",1.83,2.91,(1.98),354.44,20.34,,,,,,,,,,,,,,
2014,Albania,0.00,0.00,0,NA,#VALUE!,NA,NA,NA,NA,1.77,13.23,2.89,(0.19),"4,573.46",2.79,6.39,(4.55),338.32,3.07,,,,,,,,,,,,,,
2015,Albania,0.00,0.00,0,NA,#VALUE!,NA,6.67,NA,6.67,2.22,11.39,2.89,(0.23),"3,945.85",0.79,(1.10),3.50,350.16,(9.20),,,,,,,,,,,,,,
2016,Albania,0.00,0.00,0,NA,#VALUE!,NA,6.33,NA,6.33,3.31,11.86,2.88,(0.35),"4,124.84",2.56,4.70,2.43,358.66,(19.61),,,,,,,,,,,,,,
2017,Albania,0.00,0.00,0,NA,#VALUE!,NA,6.67,NA,6.67,3.80,13.02,2.88,0.03,"4,526.10",2.62,3.16,6.03,380.31,8.57,,,,,,,,,,,,,,
2018,Albania,0.00,0.00,0,NA,#VALUE!,NA,5.67,NA,5.67,4.02,15.16,2.87,(0.22),"5,280.39",3.09,0.71,2.35,389.23,9.12,,,,,,,,,,,,,,
2019,Albania,0.00,0.00,0,NA,#VALUE!,NA,5.00,NA,5,2.09,15.40,2.86,(0.28),"5,380.91",3.32,2.91,(3.56),375.36,5.53,,,,,,,,,,,,,,
2020,Albania,0.00,0.00,0,NA,#VALUE!,NA,5.00,NA,5,(3.30),15.17,2.85,(0.58),"5,329.95",(3.26),1.46,(1.38),370.17,(9.40),,,,,,,,,,,,,,
2021,Albania,0.10,100.00,1,NA,#VALUE!,NA,3.67,NA,3.67,8.91,17.93,2.83,(0.42),"6,326.93",4.70,7.77,19.21,441.30,24.18,,,,,,,,,,,,,,
2022,Albania,0.00,0.00,0,NA,#VALUE!,NA,4.67,NA,4.67,4.86,18.92,2.82,(0.43),"6,705.36",7.37,(4.73),6.53,470.12,7.95,,,,,,,,,,,,,,
2023,Albania,0.00,0.00,0,NA,#VALUE!,NA,6.00,NA,6,3.26,23.00,2.81,(0.35),"8,179.52",3.35,6.84,5.59,496.41,(13.75),,,,,,,,,,,,,,
2024,Albania,0.00,0.00,0,NA,#VALUE!,NA,NA,NA,NA,3.30,26.29,2.81,(0.23),"9,370.46",3.70,2.22,3.30,512.79,(2.48),,,,,,,,,,,,,,
2009,Bosnia,0.00,0.00,0,15.6358,0.064,NA,NA,NA,,(3.41),18.99,3.88,(1.66),"4,896.61",(4.27),1.13,(16.91),5.95,(6.50),,,,,,,,,,,,,,
2010,Bosnia,0.00,0.00,0,30.5409,0.033,NA,NA,NA,#DIV/0!,(0.85),18.04,3.81,(1.72),"4,733.28",0.10,1.68,(11.51),5.27,4.35,,,,,,,,,,,,,,
2011,Bosnia,0.00,0.00,0,22.7505,0.044,NA,NA,NA,#DIV/0!,1.86,19.53,3.74,(1.78),"5,217.75",(0.16),(0.90),5.47,5.56,2.37,,,,,,,,,,,,,,
2012,Bosnia,0.00,0.00,0,229.7013,0.004,NA,7.63,NA,7.63,(0.02),18.46,3.67,(1.84),"5,023.39",(0.65),1.22,0.83,5.60,(3.93),,,,,,,,,,,,,,
2013,Bosnia,0.00,0.00,0,0.0003,"3,333.333",NA,7.299,NA,7.299,1.81,19.50,3.62,(1.55),"5,390.36",0.05,(0.21),(1.27),5.53,5.18,,,,,,,,,,,,,,
2014,Bosnia,0.00,0.00,0,170.3331,0.006,NA,7.032,NA,7.032,1.10,19.62,3.57,(1.29),"5,493.57",1.92,1.49,11.97,6.19,0.18,,,,,,,,,,,,,,
2015,Bosnia,0.00,0.00,0,23.1888,0.043,NA,6.377,4.522,5.4495,4.10,17.21,3.52,(1.31),"4,882.82",1.61,0.06,(2.48),6.04,3.10,,,,,,,,,,,,,,
2016,Bosnia,0.00,0.00,0,58.6229,0.017,NA,5.968,5.455,5.7115,3.74,17.89,3.48,(1.23),"5,140.15",2.20,0.02,5.43,6.37,4.40,,,,,,,,,,,,,,
2017,Bosnia,0.00,0.00,0,29.3573,0.034,NA,5.217,3.577,4.397,3.81,19.12,3.44,(1.18),"5,556.67",1.10,1.44,7.86,6.87,3.14,,,,,,,,,,,,,,
2018,Bosnia,0.00,0.00,0,17.567,0.057,NA,4.351,3.226,3.7885,4.63,21.09,3.40,(1.16),"6,202.84",2.60,2.20,8.08,7.42,1.60,,,,,,,,,,,,,,
2019,Bosnia,0.00,0.00,0,23.0589,0.043,NA,3.659,3.135,3.397,2.25,20.91,3.36,(1.16),"6,223.23",2.31,1.01,5.84,7.86,(5.33),,,,,,,,,,,,,,
2020,Bosnia,0.00,0.00,0,32.3676,0.031,NA,3.264,2.715,2.9895,(2.88),20.73,3.32,(1.26),"6,246.35",(3.47),1.53,(4.15),7.53,(6.35),,,,,,,,,,,,,,
2021,Bosnia,0.00,0.00,0,16.19,0.062,NA,3.293,3.457,3.375,7.30,24.22,3.27,(1.43),"7,404.22",4.17,2.86,5.07,7.91,9.73,,,,,,,,,,,,,,
2022,Bosnia,0.00,0.00,0,10.3891,0.096,NA,4.044,4.18,4.112,3.82,24.48,3.23,(1.14),"7,569.63",1.87,1.32,0.30,7.94,0.96,,,,,,,,,,,,,,
2023,Bosnia,0.00,0.00,0,10.9046,0.092,NA,3.855,NA,3.855,2.05,27.16,3.21,(0.70),"8,457.82",1.93,1.67,5.05,8.34,(3.91),,,,,,,,,,,,,,
2024,Bosnia,0.00,0.00,0,NA,#VALUE!,NA,NA,NA,#DIV/0!,2.60,29.34,3.19,(0.51),"9,186.25",2.50,2.30,2.85,8.57,1.72,,,,,,,,,,,,,,
2009,Georgia,0.00,0.00,0,NA,#VALUE!,NA,NA,NA,#DIV/0!,(3.65),11.33,3.86,(0.63),"2,937.99",0.40,(8.93),(31.30),3.83,NA,,,,,,,,,,,,,,
2010,Georgia,0.00,0.00,0,NA,#VALUE!,NA,17.5,14.9,16.2,6.25,12.24,3.84,(0.48),"3,190.97",(3.16),(8.47),34.04,5.14,NA,,,,,,,,,,,,,,
2011,Georgia,250.00,26.86,2,NA,#VALUE!,NA,16,15,15.5,7.36,15.11,3.82,(0.40),"3,953.12",8.96,(3.29),14.89,5.90,10.83,,,,,,,,,,,,,,
2012,Georgia,224.68,24.14,1,NA,#VALUE!,NA,15,13,14,6.42,16.49,3.80,(0.45),"4,334.20",4.18,3.30,6.04,6.26,11.86,,,,,,,,,,,,,,
2013,Georgia,0.00,0.00,0,NA,#VALUE!,NA,12.9,11.4,12.15,3.62,17.19,3.79,(0.48),"4,540.39",2.54,3.80,(10.41),5.61,6.26,,,,,,,,,,,,,,
2014,Georgia,255.90,27.50,1,NA,#VALUE!,NA,11.6,10.2,10.9,4.44,17.63,3.77,(0.31),"4,670.45",5.72,9.03,26.96,7.12,2.18,,,,,,,,,,,,,,
2015,Georgia,200.00,21.49,1,NA,#VALUE!,NA,13,10,11.5,3.03,14.95,3.77,(0.08),"3,965.30",3.79,4.35,16.08,8.26,(5.94),,,,,,,,,,,,,,
2016,Georgia,0.00,0.00,1,NA,#VALUE!,NA,10.2,9.6,9.9,2.91,15.14,3.77,0.00,"4,015.16",(5.66),10.87,7.27,8.86,4.46,,,,,,,,,,,,,,
2017,Georgia,0.12,0.01,1,NA,#VALUE!,NA,10.4,9.3,9.85,4.84,16.24,3.77,0.02,"4,306.23",7.39,1.08,3.36,9.16,3.57,,,,,,,,,,,,,,
2018,Georgia,0.00,0.00,0,NA,#VALUE!,NA,10.5,9.3,9.9,4.84,17.60,3.77,0.01,"4,665.45",5.81,1.61,1.92,9.34,3.42,,,,,,,,,,,,,,
2019,Georgia,0.12,0.01,1,NA,#VALUE!,NA,9.9,8.7,9.3,4.98,17.47,3.77,(0.04),"4,634.18",7.21,5.72,(0.08),9.33,3.76,,,,,,,,,,,,,,
2020,Georgia,0.00,0.00,0,NA,#VALUE!,NA,9.3,8.4,8.85,(6.76),15.84,3.77,(0.13),"4,206.62",8.77,7.12,(16.54),7.79,(6.22),,,,,,,,,,,,,,
2021,Georgia,0.00,0.00,0,NA,#VALUE!,NA,9.9,9.1,9.5,10.47,18.62,3.76,(0.21),"4,955.04",14.46,7.78,(7.35),7.22,15.74,,,,,,,,,,,,,,
2022,Georgia,0.00,0.00,0,NA,#VALUE!,NA,11,10.8,10.9,10.11,24.60,3.74,(0.36),"6,569.31",(1.85),(4.64),19.79,8.64,15.35,,,,,,,,,,,,,,
2023,Georgia,0.00,0.00,0,NA,#VALUE!,NA,NA,NA,NA,7.46,29.76,3.73,(0.43),"7,982.16",18.30,0.93,3.50,8.95,6.47,,,,,,,,,,,,,,
2024,Georgia,0.00,0.00,0,NA,#VALUE!,NA,NA,NA,NA,6.28,31.00,3.72,(0.29),"8,340.21",6.28,2.86,3.00,9.22,4.50,,,,,,,,,,,,,,
2009,North Macedonia,0.00,0.00,0,NA,#VALUE!,NA,NA,NA,8.91,(0.36),9.40,2.04,0.05,"4,604.18",(3.30),0.16,2.68,88.98,(8.67),,,,,,,,,,,,,,
2010,North Macedonia,0.00,0.00,0,NA,#VALUE!,NA,NA,NA,7.30,3.36,9.41,2.09,2.54,"4,492.80",3.77,(3.62),(4.03),85.39,(4.84),,,,,,,,,,,,,,
2011,North Macedonia,0.00,0.00,0,NA,#VALUE!,NA,NA,NA,7.04,2.34,10.49,2.10,0.16,"5,004.36",(5.35),1.19,13.29,96.74,6.94,,,,,,,,,,,,,,
2012,North Macedonia,0.00,0.00,0,NA,#VALUE!,NA,NA,NA,6.63,(0.46),9.75,2.10,0.11,"4,641.75",1.20,2.43,6.45,102.99,(2.77),,,,,,,,,,,,,,
2013,North Macedonia,0.00,0.00,0,NA,#VALUE!,NA,NA,NA,6.34,2.93,10.82,2.10,0.13,"5,145.86",1.86,0.49,3.46,106.55,3.23,,,,,,,,,,,,,,
2014,North Macedonia,0.00,0.00,0,NA,#VALUE!,NA,NA,NA,6.52,3.63,11.36,2.11,0.15,"5,397.00",2.19,3.02,4.00,110.82,4.78,,,,,,,,,,,,,,
2015,North Macedonia,0.00,0.00,0,NA,#VALUE!,NA,NA,NA,5.53,3.86,10.06,2.11,0.13,"4,774.53",4.43,3.92,10.47,122.42,4.93,,,,,,,,,,,,,,
2016,North Macedonia,0.00,0.00,0,9.57,0.105,NA,NA,NA,4.73,2.85,10.67,2.11,0.11,"5,057.56",3.88,(4.89),9.87,134.50,3.35,,,,,,,,,,,,,,
2017,North Macedonia,0.00,0.00,0,2.53,0.396,NA,NA,NA,4.35,1.08,11.31,2.11,0.08,"5,353.78",2.09,(2.56),(5.66),126.89,0.19,,,,,,,,,,,,,,
2018,North Macedonia,0.00,0.00,0,2.53,0.396,NA,NA,NA,4.09,2.72,12.68,2.11,0.07,"6,000.99",3.67,2.02,(6.40),118.77,5.42,,,,,,,,,,,,,,
2019,North Macedonia,0.00,0.00,0,19.81,0.050,NA,NA,NA,3.78,3.34,12.61,2.11,0.03,"5,963.23",3.52,(1.26),8.69,129.09,3.71,,,,,,,,,,,,,,
2020,North Macedonia,0.00,0.00,0,18.04,0.055,NA,NA,NA,3.72,(5.44),12.36,2.11,(0.15),"5,855.97",(4.57),9.91,0.40,129.61,(9.57),,,,,,,,,,,,,,
2021,North Macedonia,0.00,0.00,0,19.28,0.052,NA,NA,NA,3.66,5.51,13.83,2.10,(0.37),"6,575.20",9.49,2.71,5.20,136.34,1.44,,,,,,,,,,,,,,
2022,North Macedonia,0.00,0.00,0,13.10,0.076,NA,NA,NA,3.47,2.15,13.71,2.09,(0.46),"6,547.74",3.09,(2.61),2.50,139.75,(0.24),,,,,,,,,,,,,,
2023,North Macedonia,0.00,0.00,0,13.99,0.071,NA,NA,NA,4.46,1.62,15.62,2.09,(0.38),"7,490.91",2.06,(3.46),1.00,141.15,0.65,,,,,,,,,,,,,,
2024,North Macedonia,0.00,0.00,0,NA,#VALUE!,NA,NA,NA,5.17,2.44,16.92,2.08,(0.14),"8,125.04",2.60,(3.30),2.90,145.24,1.76,,,,,,,,,,,,,,
2009,Serbia,0.00,0.00,0,5.6237,0.178,NA,NA,NA,NA,(2.73),45.16,7.32,(0.40),"6,169.11",(3.35),(1.67),(22.52),727.63,(12.86),,,,,,,,,,,,,,
2010,Serbia,0.00,0.00,0,208.3945,0.005,NA,NA,NA,16.49,0.73,41.82,7.29,(0.40),"5,735.42",(0.61),(0.05),(6.51),680.30,1.34,,,,,,,,,,,,,,
2011,Serbia,0.00,0.00,0,6.8778,0.145,NA,NA,NA,17.99,2.04,49.26,7.26,(0.45),"6,786.03",1.41,1.57,4.67,712.05,2.60,,,,,,,,,,,,,,
2012,Serbia,0.00,0.00,0,6.3835,0.157,NA,NA,NA,14.25,(0.68),43.31,7.20,(0.82),"6,015.95",(1.70),0.39,13.91,811.12,(2.67),,,,,,,,,,,,,,
2013,Serbia,0.00,0.00,0,6.7535,0.148,NA,NA,NA,15.1,2.89,48.39,7.16,(0.49),"6,755.08",(1.69),(2.11),(11.95),714.15,6.12,,,,,,,,,,,,,,
2014,Serbia,0.00,0.00,1,8.6036,0.116,NA,NA,NA,15.39,(1.59),47.06,7.13,(0.45),"6,598.94",(0.10),0.95,(3.44),689.55,(7.36),,,,,,,,,,,,,,
2015,Serbia,0.00,0.00,0,11.2099,0.089,NA,NA,NA,15.39,1.81,39.66,7.10,(0.51),"5,588.98",(0.64),(3.70),6.20,732.28,7.14,,,,,,,,,,,,,,
2016,Serbia,0.00,0.00,0,156.8351,0.006,NA,NA,NA,5.92,3.34,40.69,7.06,(0.52),"5,765.20",1.89,0.02,5.08,769.49,4.96,,,,,,,,,,,,,,
2017,Serbia,0.00,0.00,0,8.1075,0.123,NA,6.12,5.19,6.06,2.10,44.18,7.02,(0.53),"6,292.55",2.21,2.93,6.64,820.60,4.10,,,,,,,,,,,,,,
2018,Serbia,7.26,98.37,2,957.4533,0.001,NA,5.11,4.6,4.9,4.50,50.64,6.98,(0.54),"7,252.40",3.12,3.74,17.52,964.35,1.32,,,,,,,,,,,,,,
2019,Serbia,0.00,0.00,0,927.071,0.001,NA,5.44,3.56,4.03,4.33,51.51,6.95,(0.54),"7,417.23",3.67,1.94,17.23,"1,130.48",0.40,,,,,,,,,,,,,,
2020,Serbia,0.00,0.00,0,13.5684,0.074,NA,4.46,2.27,2.85,(0.90),53.36,6.90,(0.66),"7,733.80",(1.87),2.81,(1.90),"1,108.99",(0.16),,,,,,,,,,,,,,
2021,Serbia,0.12,1.63,1,15.7895,0.063,NA,3.72,1.53,2.22,7.73,63.10,6.83,(0.94),"9,232.96",7.82,4.14,15.70,"1,283.13",6.81,,,,,,,,,,,,,,
2022,Serbia,0.00,0.00,0,5.4011,0.185,NA,4.07,2.19,2.91,2.55,63.56,6.80,(0.51),"9,348.47",3.96,0.36,1.87,"1,307.08",1.64,,,,,,,,,,,,,,
2023,Serbia,0.00,0.00,0,568.886,0.002,NA,8.27,7.64,8.09,2.54,74.80,6.76,(0.55),"11,063.09",0.85,(1.29),3.75,"1,356.06",2.32,,,,,,,,,,,,,,
2024,Serbia,0.00,0.00,0,NA,#VALUE!,NA,8.12,7.95,8.32,2.78,80.87,6.72,(0.58),"12,029.05",3.89,(0.78),4.86,"1,421.95",2.86,,,,,,,,,,,,,,
2009,Turkey,390.63,2.34,4,9.0615,0.110,"52,825.02",NA,NA,6.25,(4.84),649.29,72.23,1.27,"8,989.74",(3.87),8.13,(20.54),223.71,(9.88),,,,,,,,,,,,,,
2010,Turkey,"2,421.00",14.48,42,11.4533,0.087,"66,004.48",NA,NA,4.10,8.59,776.97,73.20,1.34,"10,614.98",11.25,1.65,21.96,272.85,13.11,,,,,,,,,,,,,,
2011,Turkey,"1,789.33",10.70,47,10.3478,0.097,"51,266.62",NA,NA,5.01,10.98,838.79,74.17,1.34,"11,308.37",11.82,1.06,23.68,337.44,15.37,,,,,,,,,,,,,,
2012,Turkey,338.88,2.03,42,12.1533,0.082,"78,208.44",NA,NA,5.19,4.76,880.56,75.28,1.49,"11,697.47",3.14,6.75,2.86,347.10,4.33,,,,,,,,,,,,,,
2013,Turkey,850.77,5.09,32,9.757,0.102,"67,801.73",NA,NA,3.99,8.68,957.80,76.58,1.73,"12,507.80",7.92,8.08,14.24,396.54,6.56,,,,,,,,,,,,,,
2014,Turkey,309.95,1.85,18,12.6457,0.079,"85,721.13",NA,NA,3.76,4.89,938.93,78.11,2.01,"12,020.35",2.96,3.22,4.91,416.01,5.89,,,,,,,,,,,,,,
2015,Turkey,357.60,2.14,10,10.7357,0.093,"71,726.99",NA,NA,3.44,5.98,864.31,79.65,1.96,"10,851.92",5.07,3.81,9.28,454.62,6.11,,,,,,,,,,,,,,
2016,Turkey,119.93,0.72,4,8.7757,0.114,"78,138.66",NA,NA,3.73,3.32,869.68,81.02,1.72,"10,734.26",3.80,9.23,2.21,464.65,3.41,,,,,,,,,,,,,,
2017,Turkey,806.68,4.82,6,10.1437,0.099,"115,333.01",NA,NA,3.79,7.46,858.99,82.09,1.32,"10,464.01",5.76,5.37,8.26,503.01,9.05,,,,,,,,,,,,,,
2018,Turkey,"1,283.44",7.67,7,6.8968,0.145,"91,270.48",NA,NA,4.85,3.08,778.97,82.81,0.88,"9,406.82",0.76,5.73,0.14,503.74,1.09,,,,,,,,,,,,,,
2019,Turkey,45.65,0.27,7,8.0698,0.124,"114,424.96",NA,NA,4.62,0.81,760.57,83.48,0.81,"9,110.66",1.63,3.79,(12.47),440.91,(0.60),,,,,,,,,,,,,,
2020,Turkey,161.64,0.97,15,14.9218,0.067,"147,672.00",NA,NA,3.29,1.74,719.50,84.14,0.78,"8,551.73",2.85,2.16,7.33,473.22,2.18,,,,,,,,,,,,,,
2021,Turkey,"3,220.62",19.26,66,7.5555,0.132,"185,765.00",NA,NA,3.24,11.79,818.85,84.78,0.76,"9,659.03",15.97,3.22,7.23,507.43,16.46,,,,,,,,,,,,,,
2022,Turkey,789.99,4.72,27,6.2915,0.159,"550,916.00",NA,NA,6.26,5.31,905.79,85.34,0.67,"10,613.76",18.60,4.31,1.27,513.87,5.01,,,,,,,,,,,,,,
2023,Turkey,"3,110.86",18.60,53,5.8026,0.172,"747,018.00",NA,NA,8.85,4.47,"1,104.64",85.82,0.56,"12,872.15",12.69,5.24,8.89,559.53,1.61,,,,,,,,,,,,,,
2024,Turkey,726.35,4.34,11,NA,#VALUE!,NA,NA,NA,8.13,2.51,"1,091.36",86.26,0.52,"12,651.87",1.60,3.08,1.85,569.91,1.83,,,,,,,,,,,,,,
2009,Ukraine,0.00,0.00,1,87.31,0.011,NA,NA,NA,18.3,(15.14),121.55,45.86,(0.43),"2,650.28",(14.89),(1.91),(49.61),678.13,(20.65),,,,,,,,,,,,,,
2010,Ukraine,309.59,17.05,16,246.77,0.004,NA,NA,NA,14.6,0.27,136.01,45.68,(0.39),"2,977.31",6.40,(1.19),(5.93),637.90,12.16,,,,,,,,,,,,,,
2011,Ukraine,157.68,8.69,17,15.79,0.063,NA,NA,NA,14.3,5.47,163.16,45.52,(0.37),"3,584.67",15.53,(2.85),8.51,692.16,7.86,,,,,,,,,,,,,,
2012,Ukraine,7.69,0.42,2,4.86,0.206,NA,NA,NA,15.5,0.24,175.78,45.41,(0.24),"3,871.29",8.03,4.52,4.98,726.62,(0.65),,,,,,,,,,,,,,
2013,Ukraine,24.18,1.33,3,10.90,0.092,NA,NA,NA,14.4,(0.03),183.31,45.31,(0.22),"4,045.95",6.89,(0.91),(8.37),665.84,(4.32),,,,,,,,,,,,,,
2014,Ukraine,"1,316.01",72.49,3,16.34,0.061,NA,NA,NA,15,(6.55),133.50,45.15,(0.35),"2,957.02",(8.03),1.15,(23.98),506.18,(11.14),,,,,,,,,,,,,,
2015,Ukraine,0.17,0.01,1,30.55,0.033,NA,NA,NA,17.5,(9.77),91.03,44.98,(0.37),"2,023.69",(19.54),1.72,(9.19),459.64,(12.25),,,,,,,,,,,,,,
2016,Ukraine,0.00,0.00,0,NA,#VALUE!,NA,NA,NA,15.9,2.44,93.36,44.83,(0.33),"2,082.28",2.67,(0.52),20.44,553.59,3.97,,,,,,,,,,,,,,
2017,Ukraine,0.00,0.00,0,11.27,0.089,NA,NA,NA,14.6,2.36,112.09,44.66,(0.39),"2,510.02",9.24,5.16,16.06,642.53,1.12,,,,,,,,,,,,,,
2018,Ukraine,0.00,0.00,2,7.80,0.128,NA,NA,NA,17.2,3.49,130.89,44.45,(0.47),"2,944.88",9.32,(0.08),16.59,749.12,3.02,,,,,,,,,,,,,,
2019,Ukraine,0.00,0.00,1,7.62,0.131,NA,NA,NA,17,3.20,153.95,44.21,(0.53),"3,482.09",10.94,(13.61),11.73,836.98,(0.49),,,,,,,,,,,,,,
2020,Ukraine,0.00,0.00,2,7.43,0.135,NA,NA,NA,13.1,(3.75),156.62,43.91,(0.68),"3,566.97",1.66,(0.73),(21.35),658.31,(4.49),,,,,,,,,,,,,,
2021,Ukraine,0.00,0.00,0,2.60,0.384,NA,NA,NA,12.2,3.45,199.81,43.53,(0.86),"4,589.92",6.75,0.82,9.34,719.77,1.92,,,,,,,,,,,,,,
2022,Ukraine,0.00,0.00,0,29.49,0.034,NA,NA,NA,16.2,(28.76),162.20,39.70,(8.80),"4,085.41",(27.50),31.39,(33.85),476.10,(36.73),,,,,,,,,,,,,,
2023,Ukraine,0.00,0.00,0,35.07,0.029,NA,NA,NA,16.8,5.32,178.76,36.74,(7.45),"4,865.01",6.10,9.02,52.94,728.16,5.95,,,,,,,,,,,,,,
2024,Ukraine,0.00,0.00,0,NA,#VALUE!,NA,NA,NA,NA,4.33,343.61,36.90,0.42,"9,311.90",6.59,7.40,2.20,744.18,6.16,,,,,,,,,,,,,,